"cntry_key","year","percent"
"DEU",1998,9.21177351
"DEU",2003,9.26718137
"DEU",2004,10.29062054
"DEU",2005,11.14711759
"DEU",2006,10.29309058
"DEU",2007,8.63599290000001
"DEU",2008,7.51166966
"DEU",2009,7.72616370999999
"DEU",2010,5.3803644777
